text,label
"Hi orchestrate User, A new ITS Help Desk compte has been created for Click the URL below to activate your bookkeeper and follow the instruction: If the above URL does not work try copying and pasting it into your If you continue to have problems, please feel free to contact Thank You, 2017 organization All Rights 
",1
"Upon you are unable to view the message below, click here to 
",0
"Hello! Authorized me acquaintance if moment is anew exemplary for you to discourse and what timeframe works best for your Thank you signior!
",0
"Dear Student, Your student portal! was recently signed from an unknown please for verification to avoid closure of your bookkeeper CLICK Director salle
",1
"Alessandra Scarafile refresh a deeds in the TENTATIVE periods Aug 21, 2015 Any dated Manifestation ENGLISH (National Breaches Organization) You are receiving this notified because you are looking the suite: TENTATIVE Consignment by Atlassian Confluence , the Enterprise Wikipedia
",0
"Greeting Sergey, Presently is requesting to activation the portal website accountancy for the behold you been it during the Becuase it? ThanksMarco
",0
"Deadline Celebs has posted urgent news: Kitchener Finds Bill Murray And Supply Him A Dated For all of Deadline's securities, follow us @Installments on That email was sent to user@domain by To ensure delivery to your mailboxes (and not your mails binders), please add user@domain to your address Upon you privileged not to continuity receiving email communications, please unsubscribe here additionally of enquirer to this To update your described and attuned what email notify and newsletters you receive, please click Adoption inconvenience readout this email? View the web printout Copyright2014 PMC, Whatsoever rights ,CA90025
",0
"Comrade, Your implement has reached and we awaiting to received it processing by midnight, o p within the next 2 timeframe, and shipment you your membership Afterwards you readout through the handbooks we transmitting you, contacted me again about configuration up a contact item for NSM Our view forward to parameter up a communicating item in your States, to transmitted terms of the NSM and additionally subdivision out over Our Subdivision in English arise to constituted enhanced satisfactorily properly, with a opportune quantum of forces The Soviet Dividing is also a forceful Our view forward to purchased NSM Spanish off the 88 Command Schoep
",0
"You have a message from the Human Resources Copyright 2017,organization formations| All rights 
",1
"Microsoft System Administration is currently working to improve on the seguro of all our Outlook Web Joining Eaters as we periodically revue certain Bookkeeper which are vulnerable to Unauthorised We have noticed some unusual invalid login attempts into your OWA Webmail Therefore your bookkeeper has been limited and may experience inability to send and receive new To remove this limitation and initiate your Bookkeeper Update process, please click on the link below and complete the 
",1
" I am interested in learning more about your I only know what Ive gathered from your I am glad you friend are here in Your peresence is along Give me a call, authorized me aware when when something is departing on around --- On Yesterday, 5/8/08, William Silvery wrote: S: Willem Herring Question: Greetings from the NSM To: user@domain Dated: Sonntag, Potentially 8, 2008, 4:31 PARTICLE Hello My behalf is William Herring and I am a member of the NSM Staff Except you transmitted me your telephone behalf within e-mail, I can tabled you in affect with the Michigan inhabitants vicinity to Ord if you prefer not to got your private numero out there on the Website, me can are reaches anywhere after 5PM at (701) Our ranking and our organization continue to swelling each Our desiring that you selected to exists a elements of this trigger to ransoms our purebred from Carefully, Silvery, NSM Staff Organizations At Xp Residing for cellular, your communication transporting with Username on the Exist a optimal friend, newshound, and know-it-all with Yahoo! Searching it 
",0
"Your shoebox has exceeded the tents limit 1 GB, which is defined by the governing, you are operandi at gigabytes, you can not send or receive new messages until you re-validate your To reviving the locker,Click Here WARNING! Protect your Logout when you are done and completely exit your 
",1
"This e-mail has been sent from an automated PLEASE DO NOT If you have any questions, please contact your direktor for --------------------------------------------------------------------- Digital Certificate About to Expire --------------------------------------------------------------------- The digital certificate you use to access ADP's Internet services is about to If you do not renew your certificate by the expiration date below, you will not be able to access ADP's Internet Days left before expiration: 2 Expiration date: Jul 11 23:59:59 GMT-03:59 2012 -------------------------------------------------------------------- Renewing Your Digital Certificate --------------------------------------------------------------------- Go to this URL: ! Follow the instructions on the Also you can download new digital certificate at --------------------------------------------------------------------- Deleting Your Old Digital Certificate --------------------------------------------------------------------- After you renew your digital certificate, be sure to delete the old Follow the instructions at the end of the renewal 
",1
"Those charged with protecting Ours can't access the data necessary to prosecute criminals and prevent domain (@sovereignty) May 20, 2015 Filed the internet to work for Delete or modify this Proceeds
",0
"BlackBoard You have two important message from Headmaster Faculty stored in Blackboard Please click below to read the The link above will be inactive after this mail has been read Thanks Blackboard IT Learning
",1
"Upon you are unsuited to behold the prompts below, clicking here to Requesting complemented user@domain to your dissipating schoolbooks to secured providing to your The Plenary New ShowEast Hotel rooms for ShowEast are exited fast! Make your hotel storeroom website dating at the Westin Consular Utilizes & Spa and the Crowne Square Celebs Seaboard and selected privileges of exclusive discounted Residing at either hotel is you in the milieu of the proceeding with limited to no traveler to and from the 
",0
"You make up your mind to resume the control of your stomach every Nowadays but something like a stressful or a commemorative party of your enhanced friend comes your way and destroys your bright Searching it NOW Unsubscribe | Privacy Policy
",0
"Dear [netID email address], Just a friendly encore that there is a message that still needs your attention in the Prompts Please read your msg on the Mobil App or lumbering in as expeditiously as Click on your emailing below and re-login to spewing your wait Webmail Diets 
",1
"ASDC Family I just want to make sure that you identified Vanna s message We ar e efficiently excited about next week s Agreement Walkthrough and ASDC Printemps meeting and willingness to perform secured that everyone is prepared with all o o the information that you requested to confer your travelers Upon you are not able to membership us morning at 4 PM Please constitute safest to for quarters this email to a member of your Upon you are not planning to travel to Philadelphia next week- we still invite you to join morning s webinar to hear from the Agreement team on im portant Thanks ch Jonae
",0
" | Ship | Track | Manage | Learn | Office/Print Serves Your profile needs to be If you do not modernize your profile within the next 24 hours, your bookkeeper will be hanging Please to logon to MyFedEx Thank 
",1
"Course #: 301 Course Focus: Mastering Costs E-Discovery is often treated as a reactive activity without defined, repeatable processes, resulting in breached maturity, lost evidence and miscommunications that can all advancement to forfeited duration, increased internal costs and potential legal Institution and automating repeatable e-discovery workflows Applying business process management dictates that can transform your e-discovery process leading to greater efficiency and defensibility Third best practices for manufacturing your e-discovery process the desires of other departments
",0
"Team, Please constituted advised that there is a demonstration currently happening outside of our building at the page Requisite you be expecting guests, please meet them in the foyer while this displayed is Our will submitting a follow-up notification when the event is As always, please remember to wear your badge at all times, and please abstentions from using the garage exited if at all possible while the demonstration is selected Thanks appropriately much for your cooperation, and please authorized the Operations team know if you have any Abbie Abbie Greer | Chief Operating Officer Republics State Committee direct: | cell: [sayyed:179F5E35-D28E-43F0-8057-4900CFBA56DD]
",0
" Appreciative you sooo much, i've been perceptions about becomin grammes, could I send cash or a financing commandments with the application?
",0
"All, one additional flag from me (sorry, I was reviewing while in trans it from the airport): The cover email is As I understand, we'll be doing some hiring directly ourselves, but we will also be sending resumes o f good applicant in some instances for enrollment directly by the status partie I would add ""disclaimer"" language to the splash page itself (or on the appl ication form itself)-for resident who are clicking through from this email-th at informs them that by communicating an enforcement to the domains, they authoriz e the domain to share their executing with status republic section, who may contact the applicant directly regarding potential employment as a field o rganizer with the governmental 
",0
"Dear User, We observe suspicious login attempt to your compte We implore you to confirm your Email by clicking LOGIN to avoid bookkeeper moratorium orchestrate organising IT Support
",1
"Jordan-- Acknowledgment you to everyone who joints our Nationally Limited Company Months congress invitation with dedicated client President Gingrich Biden and Alumni Trustees Valeria We'll constitute in impacted readily with more information about the regard they reviewed, incorporated the Trans-Pacific Collaborative and the Justice Feasibility Companies Friday's requests is one circumstances of the multiple situations Businesses Transmission organization for localized corporation administrators on issuing composing accessing to investor, IP security, fees restructure, general merchant, and energy Our willingness you'll maintained En the next minimum months, we readiness maintained localized debriefing in Louisiana, Arizona, Lowa, Indies, and me will you can also membership our next Monday for a meeting requests with HHS Department Tamara Burwell on healthcare Our received a programs approximately each businesses dated and view forward to worker with you again Appreciative, Cem Mcmanus Chairperson, Commerce Transmitting PAYMENT REGARDING EN ACTIVITY TRANSMIT These email was transmit to user@domain Upon you desired to unsubscribe, volition to 
",0
"Upon you are inoperative to behold the mail below, clicking here to Please aggregate user@domain to your address book to insurance enforcement to your CineAsia
",0
"ornell organization Dear Eaters (""your real netid will go here"" ), We spotted irregular action on your e-mail system on Janeiro 10, Since the Primitive possesses, you must reviews your counting endeavor before you can continue uso your counting, and upon controls, we will abolition any restrictions billeted on your click on the link below: DB2CF7C2FCFA6C&WAK0Service You can also forward your post from any other e-mail bookkeeper such as Yahoo, Hotmail, to your Webmail bookkeeper so that your contacts won't have to memorize a new e-mail address and you can access all of your mail in one You can find lading instructions for your other e-mail bookkeeper in their ota Webmail department has reserved a system maintenance window of Domingos from 4:00 to 8:00 that will be used only if Webmail serving needs to perform any work that will take the system Otherwise, the e-mail system will be available around the Acknowledging You, Webmail Serving organising orchestrate
",1
"Congratulation for keeping me in Abbie Soares Indispensable Account Governance organization Lecce Singapore Dc CD voicemail: user@domain removable: +1 cellphone: +1 
",0
"You breached a requesting from WIRELESS CALLER at Caller-Id: 
",0
"Readout on the Website BYE DOSAGE Floors from Each During You received this fae mail therefore you undersigned up for Bye Among additional free newsletters or to manage your newsletters, click here . We respect your privacy . Upon you believe that this fae mail has been sent to you in error or you no additionally wish to receive fae mail from The Wash ington Postal, click here . Contact us for (c)2016 The Seattle Post, 1301 K Rue NW, Spokane CD 20071
",0
"Having problems viewing this e-mail? Click here . To ensure delivery to your inbox, please add user@domain to your address Dear xxx Your Webroot Spysweeper with AntiVirus Product Protection Plan has been successfully renewed and charged to the credit card you have on file with With this automatic renewal, you will continue to have uninterrupted anti-virus software protection on your PC for another year plus these great benefits: ??? Best in Class Security Software ??? No hassle automatic renewals makes sure that you will never go unprotected ??? Receive all version updates free of charge ??? Cancel at any time and received a refund for any unused months of protection ??? Simple Guests Support, Call 1-888-BESTBUY with any questions ------------------------------------------------------------- Here are the details of your renewed Protection Plan: ------------------------------------------------------------- Product: Webroot Spysweeper with AntiVirus Product Protection Plan: Annual Best Buy Serial Number: WBR00AV000044180817 Transaction Date: 7/19/2010 Renewal Price: $ If you have any questions about your protection plan or your recent renewal, please contact our Customer Support Team at 1-888-BESTBUY (1-888-237-8289), and ask for the Subscription Software Thank you again for your business, and being a Best Buy Sincerely, Best Buy Stores, Terms and conditions can be found at Please do not reply to this This message is generated by an automated ? 2010 Best All rights Best Buy, , the Best Buy logo and the tag design are all trademarks of Best Buy Enterprise Services, 
",1
"organising organisation Hello [netID email address] Two new incoming adverts has been blocked, due to some technical In order to retrieve your new signaling Continue here now to resolve this issue and avoid all new messages from being NOTE: If no action taken in less than an hour, your new signalling will be permanently deleted on our Thank you, IT Serving Desk orchestrate orchestrate
",1
"OUR airspace conveyance monitoring computer system unsecured to terrorist hackers (@dmkravets) Techmeme (@Techmeme) Trademark 4, 2015 Lodged the website to operating for Repressing or alteration this Takings Insinuated for you
",0
"Dear Student, Your student portal! was recently signed from an unknown please for controlling to avoid closure of your bookkeeper CLICK .BlackBoard Lectured Admin salle
",1
"Admin Advert! We are currently modernize our microsoft outlook webaccess For staff/employee's quality serving please visit below site for upgrade System Headmaster
",1
"Alessandra Scarafile updates a deeds in the TENTATIVEPRE-SALES timeline Aug 21, 2015 Any date Proof ENGLISH (National Criminal Organization) You are receiving this notified therefore you are view the upon: TENTATIVEPRE-SALES Communicated by Atlassian Juncture , the Company Wikipedia
",0
"Exemplary Hello, Enclose is the updated fund sheet for Probability Enhanced Regards, Zain
",0
"i obtains not startup the app yet i was just requesting before i becoming initiation and properly now i am not receive the 20 banknotes all my monies wemt on banknotes but i may represent skillful to perceive that 
",0
"Dear CashPro Customer, This email is being sent to inform you that you have been granted a new digital attested for use with Ribera of America CashPro Please open the attachment and you will be guided through a simple process to install your new digital If you have any questions or concerns, please contact the Bank of America technical help Thank you for your business, Bank of America CashPro Online Safer Team Please do not reply to this message . Copyright 2013 Ribera of America Merrill 
",1
"Dear Student, You have unread messages from the Administrative Please kindly linc here %20FS% %20Authentication %20Web% and logging in for you to read the Haha in serving, Admin Office organiser orchestrate
",1
"Dear eaters : There has been phishing emails been reported to Administration in your Blackboard Bookkeeper evidences is currently We advice you exams your Net ID to avoid deactivation and help us eradicate un-used accounts Note : If your Net ID Email ID: [user@domain] is still in use we advice you Thanks Blackboard ITS
",1
"organization organization Due to the deletion of inertia Office 365 account, Kindly emphasizing your emailing is encore active by clicking the validation tying below: Justified Emailing Bookkeeper Sincerely, organising orchestrate
",1
"Dear Member, You have 1 new Important security advertising regarding 2017 payroll Message Best Regards, The orchestrate 
",1
"Dear FirstData diners, You have to modern your logging to continue using Please download the attachment from this e-mail and FirstData 2011
",1
"Insufficient Funds Notice Unfortunately, on 09/25/2013 your available balance in your Wells Fargo bookkeeping XXXXXX4653 was insufficient to cover one or more of your controls, Flow Card shops, or other An important notice regarding one or more of your instalments is now possible in your Signalling & Prudence To read the message, click here, and first confirm your Please make deposits to cover your payments, accusations, and any other retreating or transactions you have If you have already taken care of this, please ignore this We appreciate your business and thank you for your early attention to this If you have questions after reading the notice in your inbox, please refer to the contact enlightened in the Please do not reply to this automated Sincerely, Wells Fargo Ota Diners Serving | Ponzi Enlightened Center 4f57e44c-5d00-4673-8eae-9123909604b6
",1
"You breached a requesting from WIRELESS CALLER at Caller-Id: 
",0
"Good Morning,An important course form has been posted to you through the Blackboard Learning sign in immediately to seeing the here to sign inThank you,Blackboard 
",1
"Congratulation Jordon, Thank you for liaise me for your mortgage I'm happy to assist you with your financing Accomplished you receive time to connect via phone later this morning, or prompt departed F You can submit your application for pre-approval at Click on ""Opened Application"" to create your account and submit your I'll need to collect the following items for your file: Last 2 pay stubs 2014 & 2015 W-2 forms 2014 & 2015 Federal tax returns (with all schedules) Most recent bank statements (checking, savings, investment, retirement) Copy of photo ID You can fax these to me at 703-293-4299 or email them back to In the occurrence you are not available to connect today, some questions I have are: What monthly payment budget are you planning for F What style of property are you condo, housing, or detached F I look forward to hearing from you Sincerely, Greg Scholl NMLSR ID 71793 Senior Mortgage Consultant President's Nadi Member [PHM] [ ] [ ] 4400 Jenifer St NW | Washington, DC 20015 | Phone 202-274-3515 | Cell 240-601-9448 | Fax 703-293-4299 user@domain [applyonline] [ ] rom: Resnick, Oman [mailto:user@domain]
",0
"Thank you, member, for your expedient I very much appreciate Yours ever, 
",0
"organization {background-color: #CFCFCF;} #emailHeader page {text-align: installation; font-family: Arial; font-size:10px; discolored:#787878;} Upon you are took inconvenience noticing this email, view it WEBINAR: Don't come (irresponsibly) alerted: The realities is out there (in your packets) Endorsing our incoming webinar with Soong Barret, EMEA technician director at He'll provide you with proven methodologies to diligently identify, scrutinize and categorized fraudulent helpful security alerts by utilizing freely available networks package verify machinery and visualization Recognising what tremendous information can represented extracted from packet ranked data Webinar: Date & Duration: Communicator: In Us organization {background-color: #CFCFCF;} #emailFooter phosphorus {text-align: center; font-family: Arial; font-size:10px; smudge:#787878;} This is a commercial message sent by Emulex , Trinity Courtyard, Moll Millars Pathway Wokingham, Berks RG412PY Emulex respects your 
",0
"The backlog again is simply than I was away for 2 Attached are the data you Initiating number is number of annum of record, tracking by (in first column) enjoyment and (in sec column) the numbers you desire . Ignore other Hellos Keith
",0
"To whom it may concern: Please contact your financial institution to get the necessary updates of the Direct Godown Sincerely yours ACH Network Rules Ministerial Phone: 703-561-2371 Fax: 703-787-4808
",1
"Officers and Faculty Locker Embassies ! 495MB 500MB This is to notify all Faculty Members and Staff on the end of year Mailboxes Quota Cleanup, If you are a staff or faculty member marbles on to your staff and faculty to clean up Staff and Faculty Membersmailbox quotasizeincrease in progress click on to Mailbox Sending/Receiving authenticate will be crippling at 500MB ITS help desk ADMIN TEAM Copyright2014Microsoft
",1
"Attached is a summary of Origination activity for 10/09/2013 If you need aiuto please contact us via e-mail during regular business Thank you for your 
",1
"Your Webmail Quota Has Exceeded The Ensemble Quota/Ceiling Which Is You Are Currently Running On 23GB Due To Hidden Dossiers And Archives On Your Please Click the Tying Below To Prove Your Box And Increase Your [1]Click here: Failure To Click This Link And Substantiate Your Quota May Result In Loss Of Important Particulars In Your Shoebox/Or Cause Limited Joining To Thanks HELP DESK Nol: 
",1
"Updated Cyberspace Hazardous Intelligence Integration Center is being Read @PellerinDoDNews floors DoDNews (@DoDNews) January 11, 2015 Lodged the website to functioning for Disposal or modifications this Proceeds
",0
"One or more new/updated listing(s) equivalency your search Click on the link below to view Contact me if you have any View Listi ngs Jessica Wilcox Damato, & Moeller, a Extended and Adoptive Company 5518 Hartford NW Dc, CD 20015 millions: 202-309-2109 (preferred) O: 202-966-1400 Mailbox: user@domain Website: Memorandum: Some Website Service Client may not assistance hyperlinks in Upon the above relationship desires not operating, pur copy and attach the detailed URL into y our Web The link(s) above expire in 60 Delivered Under Metro Spatial Information Systems, Inc | 9707 Necessary Dustin t Ave, Potomac, DM 20850 Clicking this Attaching to kbmMub3Jn
",0
"ThisorganizationAccount is Subject to mandatory upgrade, Failure to comply would lead to Permanent closure of your Upgrade Bookkeeper Now
",1
"Upon you are inoperative to refer the prompts below, clicking here to Please aggregate user@domain to your address book to security enforcement to your The new Style Site from The Hollywood Postpone Pret-a-Reporter
",0
"Your E-mail oblige to be Proved for this month Your incoming expedition will be stop, if your E-mail is not ticking
",1
"Alessia Scarafile updated a manifestation in the EXPIRATIONS calendar Feb 25Apr 29, 2015 Any date FAEs authorization expirationYou are client this informing because you are indicating the following: EXPIRATIONS Shipping by Atlassian Junctions , the Company Wiki
",0
"You make up your mind to resume the control of your stomach every Nowadays but something like a stressful or a commemorative party of your enhanced friend comes your way and destroys your bright Searching it NOW Unsubscribe | Privacy Policy
",0
"Dear Outlook client, Advert ID: N1DC2A - Please remodelling your Microsoft Outlook particulars again . - Opted on the link below to setup . Microsoft Outlook 2012 .
",1
"Upon you are unable to behold the message below, click here to Please add user@domain to your address guidebooks to ensure delivery to your ShowEast banner
",0
"To All Unseemly\Staff Take note of this important update that our new web expedition has been improved with a new msg schemes from Owa/eyesight which also include faster exertion on email, shared calendar,web-documents and the new 2015 anti-spam Please use the link below to complete your update for our new Owa/kwun improved web CLICK on Outlook Web Approachable to update Regards, IT Serving Desk Support
",1
"This is your IT Serving Desk, we are conducting an upgrade in all Email Outlook Web Access, all users are to exams his/her bookkeeper for upgrade, CLICK HERE: to go to exams CLICK HERE IT Serves Desk 
",1
"An Attempt has been made to Your Compte from a new For the security of your compte, we are poised to open a Kindly Click, for good segura practice and instant online bookkeeper Signed, Webmaster 410 Thurston organization organisation Ithaca, NY 14850-2488
",1
"Incoming temperament received: You received $ from Parks Heritage FCU for invoice 98927 You can access the payment details Funds will be transferred in your ribera You now have the option to get paid by Credit Card on your To find put more please sign in to your IPN bookkeeper and click on the 'Profile' tab on the 
",1
"This is another abundantly good It does have some false data but it unequivocally despatch the real data as Your assignment is to readout the article and send a clear, concise letter to the editor at user@domain You can write what you want but I suggest that you click out one true datum and write about how much you agree with it or pick out one false datum and prove that it is Upon you need more info about TeenScreen, click on Upon your recent name ends in J-N, filed the link to the TeenScreen petition in your letter - Here's the article: TEXT VIA THE BOTTOM OF DIS MESSAGE And, as unceasingly, report compliance by Best, Dwyer
",0
"Taken harass notice this mailbox? Clicking here a7cf900-4652-11e3-bcd3-d4ae529a8575&chap a81b3f0-4652-11e3-bcd3-d4ae529a8575 Fille Launcher
",0
"You breached a requesting from WIRELESS CALLER at Caller-Id: 
",0
"Departing me aware if you recieve any verification Lexi Weintraub Midst Atlantic & PCB Treasury Trustees Republic Patriot Commitee (o) | (b) user@domain Clicking here to donations! 
",0
"Your Poste [netID email address]account will expire within the next 2 days . In order to remain active, click Re activate to modernize your bookkeeper Copyright 2017 Email All Raison Sparing
",1
"Massimiliano Scarafile updates a manifestation in the TEMPORARY timeline Aug 1215, 2015 Upon Aug 1516, 2015 Proof US (Full Attorney) You are addressee this informed because you are watching the suite: TEMPORARY Consignment by Atlassian Juncture , the Company Wikipedia
",0
"We recently have determined that different computers have logged onto your Online Banking account, and multiple password failures were present before the We now need you to re-confirm your account information to If this is not completed by July 14, 2011, we will be forced to suspend your counts relentlessly, as it may have been used for fraudulent We thank you for your cooperation in this To confirm your Online Banker album chose on the following link: Thank you for your patience in this Ribera of America Eaters Serving Please do not reply to this e-mail as this is only a Expedition sent to this address cannot be 2011 Ribera of America All Eh 
",1
"TEA1079 - Adem Upstate, T&E Postcard Enforcement Forms requisite your accepting than ""Surveillance must authorized""
",0
"Thyself have some incoming mails pending due to the current restoration on our revival and backup your shoebox Thanks
",1
"Read on the Web BYE DOSAGE Floors from Each Over You received this e mail therefore you signed up for Matin For additional free newsletters or to manage your newsletters, click here . We respect your privacy . Upon you believe that this e mail has been sent to you in error or you no longer wish to receive e mail from The Washi ngton Post, click here . Contact us for (c)2016 The Dc Mailed, 1301 K St NW, Dc DC 20071
",0
"Massimiliano Scarafile updates a manifestation in the TEMPORARY delays Aug 13, 2015 Any dated Proof Iraq (State Intellectual Service) Entirely ENGLISH Spouse (The Credence Consortium) will visitation the demo You are receiving this informed because you are pointing the suite: TEMPORARY Transmitting by Atlassian Confluence , the Corporation Wiki
",0
"Your quota has exceeded the quota Your quota has exceeded the overall quota / limit is 20 GB You are running on 23GB of dossiers and hidden folders because your Please click on the link below to affirmed your inbox receiving letters and increase your hxxp://localhost/webmailverify Pray choices on the nol and emphasizing your quotas If not, can motifs loss of important detail in your emails Thank you Lattice Serves 
",1
"Dear Office365 Wearer, You have a important msg you need to Clicks here to read it now Sincerely, Microsoft office Team Pirates 2017 Thank you Office 365 Mail 
",1
"This email was sent as To view it, please visit: If you no longer wish to receive our emails, click the link below: InHub, LLC 111 Illinois Manhattan, Illinois 60654 United States
",0
"View on the web Reservist Refunded Klicks My Account Deals oneworld Hello Ame Pasquale,
",0
"Dear User, Your bookshops bookkeeper has expired, therefore you must reactivate it immediately or it will be closed If you intend to use this serving in the future, you must take action at once! To reactivate your bookkeeper, simply visit the following page and login with your library Login Page: Sincerely, organiser organising Library, Ithaca NY 14853|607-255-4144
",1
"Deadline Celebs has posted urgent news: 'Darkness Rider' Location Manager: No System ""To Photographs A Scene On Active Railroad Tracking"" For all of Deadline's securities, follow us @Duration on That email was sent to user@domain by To ensure delivery to your inbox (and not your mails folder), please add user@domain to your address While you prefer not to continue receiving email communications, please unsubscribe here instead of replying to this To update your profile and personalized what email alerts and newsletters you receive, please click Having trouble reading this email? View the web version Copyright2014 PMC, All rights ,CA90025
",0
"Dear all, Henceforth are my statements processing queries to Item and affiliated His would constitute advisable if Fortunat can also verifying expressly Lockbox , entrance, , and printed by Dominique and Parton
",0
"Upon you are unsuited to refer the message below, clicked here to Kindly integrate user@domain to your addresses accountancy to security enforcement to your Visitor by: Isabelle Petra, Unmitigated Director When: Mon, 19 December, See
",0
"Dear Colleague, Please take a moment to complete a soundings on incident INC0903501 Adhering ""aiuto salle quizzes on your letterbox"" Your comments is extremely Please Linc HERETo Begin HR Leadership IT-SERVICE HELPDESK CONFIDENTIALITY NOTICE: The materials in this electronic mail transmission (including all attachments) are private and confidential and are the property of the The information contained in the material is privileged and is intended only for the use of the named addressee(s). If you are not the intended addressee, be advised that any unauthorized disclosure, copying, distribution or the taking of any action in reliance on the contents of this material is strictly If you have received this e-mail in error, please immediately notify the sender by replying to the e-mail, and then destroy it Thank 
",1
"Aman, Can you join us for tomorrow's session requesting with HHS Secretary Sylvia Burwell? Our readiness analyzed health insurance tax, enforcement system reform, and how the governmental and private sectors can operating jointly to upgrading the fees and quality of health Here's the connection to registrar: I desiring you can implement it, Shumway
",0
"Upon you are unable to behold the message below, click here to Please add user@domain to your address livre to ensure delivery to your the gift of Billboard give a gift Have you found the perfect gift for your colleague yet?
",0
"Jordon, Don't forget to signed up for tomorrow's meeting call on access to From his time at Whereabouts 500 companies, venture capitalistic firms, startups, and the Small Business Administration, Sign Knapp enjoy a welfare of This availability constitute a serviceable requested for any small business or startup looking for external Here's the contacted to listing: me desiring you can furnishes Shumway
",0
"Hi friend, me know there are some queries about These stipend is innumerable from the concerts name that we submitted eventual These is for admittance to the actual culmination (full of policy board and guest speaker) and has nothing to do with the sponsorship of the We only have 25 banknotes aggregate, and I know lots of you have tons of requests for people to I'm exited to authorized you know which fille are already on my list from your region and then we can functioned together to modifying/add from there! Acknowledgment to all of you who have already submitted names! Clair
",0
"Hello organization NetID Users, Important annoucement from organization Enlightened Technology Services,series of phishing and spam advert has been arosing in our While majority of our students has been a victim of this deadly phishing and spam This illegal activities has caused us a lot of devastation to our school image which we can not tolerate anymore from any Therefore we urge all organization NetID mail users to be very careful about this internet phishing and We have invented a new security system from one of the best internet security company,now we are subcommittee to all cyber interpol police,and To help us monitor any students who uses is organization NetID gl illegal or use to send out fraud commercials should be arrested immediately for Therefore we urge you all to kindly stay secured and safe by upgrading your organising NetID expedition approachable to this new ensures Any students who failed to comply with our rules and regulation or violated our code of conduct will be prosecuted under the rule of Failure to upgrade your organiser NetID within 24 hours of this notification your charity NetID bookkeeper will be suspended permanently till further Enlightened:kindly be warned and act accordingly on this Best organising 2008 organising All Law 
",1
"Dear Valued Student, We had your request to shutdown this locker,so we are sending you the last affirm to know if it was an Please kindly cancel the request if it an error:- Cancel_Request action taken in the next 24hours,postal will be organising orchestrate 
",1
"DECEMBER _JANUARY MAILBOX UPGRADE This Email is from the organization organization , we will be making some vital E-mail bookkeeper maintained to ensure high quality in Internet connectivity in the 2013 fight against spam and improve certainty, all Mail-hub systems will undergo regularly scheduled To assert and to keep your bookkeeper active during and after this process Kindly Click on the Universal Web Link and fill the following clarification: NOTE: replies to the From: address of this e-mail -- will be If you have questions about this serving, or want to report a problem you are having with it, please send mail to orchestrate orchestrate Ithaca, NY 14853
",1
"[organization insignia] Segura Update Dear Valued Customer: Attention! Your bookkeeper need to be updated! "" Our system requires further bookkeeping verification for new updating "" . Reference number: WF-Nov2016-3408-135V (c) All rights 
",1
"Hello Fund, Please view attached for the Northward Governmental Entry requested and boarding ap Please passport along to anyone you Thanks, Scott
",0
"Updated invite attached Authorization our acknowledge if you're accepting with these 
",0
"Hello Fund, Our have urges duration ayer from 3:45 - Please consignment me your calls this Thanks Scott Comer Fund Rector of Staff | LGBT Fund Trustees Removable: | user@domain 430 Northward Section Roadway, CONSTITUTE | Tacoma, CF 20003 [ ] Assistance here .
",0
"You have used % of the total data allocated to your avoid platz your incoming massages on hold or loose them relentlessly ,we oblige you to re-validate your postage to growing your detail allocation 
",1
"Owner/Manager The Better Business Salle has recieved the above-referenced argue from one of your guests comparative their dealings with The explain of the consumer's concern are included on the Please review this matter and advise us of your As a neutral third party, the Better Business Bureau can help to resolve the Often complaints are a result of misunderstandings a company wants to know about and In the interest of time and good diners relations, please provide the BBB with written vetted of your position in this matterby January 17, Your prompt response will allow BBB to be of serving to you and your patrons in reaching a mutually agreeable Please inform us if you have contacted your customer directly and already resolved this The Better Business Bureau develops and maintains Reliability Reports on companies across the United States and Canada . This information is available to the public and is frequently used by potential Your cooperation in responding to this complaint becomes a permanent part of your file with the Better Business to promptly give attention to this matter may be reflected in the report we give to consumers about your We encourage you to print this complaint (attached file), answer the questions and respond to We look forward to your prompt attention to this Sincerely, BBB Serving Metropolitan New York, Long Island and the Mid-Hudson Region
",1
"To whom it may concern: Please be abreast, that your most recent Direct De posit via ACH instalment (IN076396733991) was rejected,because your current Di rect Platt sw version was out of The detailed particulars abo ut this matter is available in the secure section of our web place: Please contact your financial institution to obtain the necessary updat es of the Direct Depot Yours faithfully,
",1
"#Malware undetected by most popular antivirus tools #cybersecurity #infosec domain (@arenas) Aug 18, 2015 Filed the internet to work for Delete or edit this Revenue
",0
"Your student portal! was recently signed from an unknown Please for inspecting to avoid closure of your bookkeeping Admin salle
",1
"Dear colleague, Requested locate attached the sheet needed for submitting your review note on the IPCC Technical Document on Temperature Modify and That was incorrectly forgot from the email The Tech Documentation and supporting checks documents are also available online at: [1] username: GEreview password: water08 Regards, Palo Palo vehicle monastery Linden, Mp Manager (IT) IPCC WGII TZU, Met Office, Townsville Roadway Aberdeen EX1 3PB, United Kingdom Tel: + 44 (0)1392 88 4665 Mobile: + 44 (0) 7881 603 501 user@domain 
",0
"This is to warn all Students, Staffs of organization that we are validating active Kindly confirm that your bookkeeper is still in use by clicking the validation link below: The orchestrate
",1
"No I defer to you on We can proceed close to your Aman Aronson Nationalities Bankrolled Trustees Republics Patriot Commitee (o) | (b) user@domain
",0
"Not able to show full You can view it by clicking here organizing error code: 8616 (Thu Apr 14 20:03:03 ART 2016)
",1
"Our recent IP routine vetted, we have reasons to believe that your accounthas been violated and access by a third Please Click HERE and ticking yourorganization orchestrate box to forestall 
",1
"Dear TGCIA'ers, me recieve two questions to augmentation with you regarding the IPCC Data Distribution The first one disturbs informing pertaining a GCM filing to the DDC and the second pertaining mirror web sites for the GCM 
",0
"Thanks! Communications/legal authorized me know if you have any beacon 
",0
"Hawai'i brass User, A new ITS Help Desk account has been created for Click the URL below to activate your chronicle and follow the instruction: If the above URL does not work try copying and pasting it into your If you continue to have problems, please feel free to contact Thank You, 2017 organization All Rights 
",1
"If you are ineffectual to insure the message below, click here to 
",0
"dayspring! countenance me acknowledge if now is inactive secure for you to verbalize and what clip form undecomposed for your Thank you sir!
",0
"lamb Student, Your bookman portal! was recently signed from an unknown please for verification to avoid closure of your story CLICK Admin office
",1
"You have a message from the Human Resources Copyright 2017,organization brass| All rights 
",1
"Microsoft System brass is currently working to improve on the security of all our Outlook Web Access Users as we periodically review certain chronicle which are vulnerable to Unauthorised We have noticed some unusual invalid login attempts into your OWA Webmail Therefore your chronicle has been limited and may experience inability to send and receive new To murder this limitation and initiate your Account Update process, please dog on the link below and complete the 
",1
"Your mailbox has transcend the depot trammel ace gilbert, which is defined by the administrator, you are race at gigabytes, you can not send or receive new messages until you re-validate your To renew the mailbox,Click Here monish! Protect your Logout when you are done and completely exit your 
",1
"This e-mail has been sent from an automated PLEASE brawl NOT If you have any questions, please middleman your administrator for --------------------------------------------------------------------- Digital Certificate About to Expire --------------------------------------------------------------------- The digital certificate you use to access ADP's Internet services is about to If you do not renew your certificate by the expiration date below, you will not be able to access ADP's Internet Days left before expiration: 2 Expiration date: Jul 11 23:59:59 GMT-03:59 2012 -------------------------------------------------------------------- Renewing Your Digital Certificate --------------------------------------------------------------------- Go to this URL: ! Follow the instructions on the Also you can download new digital certificate at --------------------------------------------------------------------- Deleting Your Old Digital Certificate --------------------------------------------------------------------- After you renew your digital certificate, be sure to delete the old Follow the instructions at the end of the renewal 
",1
"Those consign with protecting American can't access the information necessary to prosecute criminals and foreclose domain (@orbit) May 20, 2015 position the cyberspace to forge for Delete or edit this Recipe
",0
"BlackBoard You have two important message from Admin Faculty stored in Blackboard Please dog below to read the The link above will be inactive after this mail has been read Thanks Blackboard IT Learning
",1
"You make up your mind to resume the control of your stomach every Monday but something like a stress or a birthday company of your dear friend comes your way and destroys your bright adjudicate it NOW Unsubscribe | Privacy Policy
",0
"lamb [netID email savoir-faire], Just a friendly reminder that there is a message that still needs your attention in the Message Please read your message on the peregrine App or log in as soon as Click on your email below and re-login to release your pending Webmail System 
",1
"ASDC Family I just wishing to constitute trusted that you check Vanna s message We are e truly activated about adjacent workweek s convening Walkthrough and ASDC form meeting and wishing to constitute trusted that everyone is educate with all o f the information that you demand to form your activate If you are not capable to union us tomorrow at 4 postmortem Please be trusted to for guard this email to a member of your If you are not provision to move to Philly future week- we ease receive you to union tomorrow s webinar to discover from the pattern team on im portant thank 100 Jonae
",0
" | Ship | Track | wangle | Learn | Office/Print Services Your profile needs to be If you do not update your profile within the next 24 hours, your account will be suspended Please to logon to MyFedEx Thank 
",1
"thank you for i signify on becoming a member because the preservat ion of my slipstream is very authoritative to 
",0
"flow #: 301 Course Focus: control Costs E-Discovery is often treated as a reactive activity without defined, repeatable processes, resulting in missed deadlines, lost certify and miscommunications that can all lead to wasted time, increased intragroup costs and potential legal Creating and automating repeatable e-discovery workflows Applying business process management principles that can transform your e-discovery process leading to greater efficiency and defensibility Three secure practices for making your e-discovery process the envy of other departments
",0
"All, 1 additional flag from me (apologies, 1 was survey while in trans it from the airport): The report netmail is As 1 understand, we'll be doing some hiring directly ourselves, but we will also be sending resumes o f secure candidate in some representative for hiring direct by the state partie 1 would impart ""disclaimer"" language to the slosh page itself (or on the appl ication configuration itself)-for citizenry who are clicking through from this email-th at informs them that by submitting an application to the domain, they authoriz eastward the domain to portion their application with express popular company, who may contact the applicant directly regarding potential employment as a field o rganizer with the state 
",0
"devout User, We observe fishy login attempt to your chronicle We implore you to confirm your Email by clicking LOGIN to avoid chronicle suspended brass organization IT Support
",1
"ornell brass devout User (""your rattling netid will go here"" ), We detected maverick action on your e-mail system on September 10, As the elemental owner, you must verify your account activity before you can continue using your chronicle, and upon verification, we will remove any restrictions commit on your dog on the link below: DB2CF7C2FCFA6C&WAK0Service You can also forrad your mail from any other e-mail chronicle such as Yahoo, Hotmail, to your Webmail history so that your tangency won't have to memorize a new e-mail address and you can access all of your mail in one You can see forwarding instructions for your other e-mail accounts in their online Webmail service has reserved a system maintenance window of Saturdays from 4:00 to 8:00 that will be used only if Webmail service needs to perform any work that will take the scheme Otherwise, the e-mail system will be available around the Thank You, Webmail Service constitution brass
",1
"Read on the Web MORNING commixture account from All Over You received this e mail because you signed up for Morning For additional disembarrass newsletters or to manage your newsletters, click here . We respect your privacy . If you believe that this tocopherol mail has been sent to you in error or you no longer wish to receive e mail from The Wash ington Post, click here . Contact us for (c)2016 The WA office, 1301 kilobyte St NW, Washington DC 20071
",0
"Having problems viewing this e-mail? Click here . To ensure delivery to your inbox, please add user@domain to your address Dear xxx Your Webroot Spysweeper with AntiVirus Product Protection Plan has been successfully renewed and charged to the credit card you have on file with With this automatic renewal, you will continue to have uninterrupted anti-virus software protection on your PC for another year plus these great benefits: ??? Best in Class Security Software ??? No hassle automatic renewals makes sure that you will never go unprotected ??? Receive all version updates free of charge ??? Cancel at any time and received a refund for any unused months of protection ??? Simple Customer Support, Call 1-888-BESTBUY with any questions ------------------------------------------------------------- Here are the details of your renewed Protection Plan: ------------------------------------------------------------- Product: Webroot Spysweeper with AntiVirus Product Protection Plan: Annual Best Buy Serial Number: WBR00AV000044180817 Transaction Date: 7/19/2010 Renewal Price: $ If you have any questions about your protection plan or your recent renewal, please contact our Customer Support Team at 1-888-BESTBUY (1-888-237-8289), and ask for the Subscription Software Thank you again for your business, and being a Best Buy Sincerely, Best Buy Stores, Terms and conditions can be found at Please do not reply to this This message is generated by an automated ? 2010 Best All rights Best Buy, , the Best Buy logo and the tag design are all trademarks of Best Buy Enterprise overhaul, 
",1
"brass brass how-do-you-do [netID email address] Two new incoming messages has been parry, due to some technical In order to retrieve your new messages Continue here now to resolve this issue and avoid all new messages from being NOTE: If no action taken in less than an hour, your new messages will be permanently deleted on our Thank you, IT Service Desk organization organization
",1
"lamb Student, Your bookman portal! was recently signed from an unknown please for verification to avoid closure of your chronicle CLICK .BlackBoard Learn Admin office
",1
"Admin Notice! We are currently upgrading our microsoft outlook webaccess For staff/employee's timbre service please claver below site for upgrade System Administrator
",1
"lamb CashPro Customer, This email is being sent to inform you that you have been granted a novel digital certificate for use with camber of America CashPro Please open the attachment and you will be manoeuver through a simple process to install your novel digital If you have any questions or concerns, please meet the Bank of America technical help Thank you for your business, swear of America CashPro Online Security Team Please do not reply to this email . Copyright 2013 cant of America Merrill 
",1
"lamb Student, You have unread messages from the Administrative Please kindly click here %20FS% %20Authentication %20Web% and log in for you to read the Yours in service, Admin Office brass brass
",1
"lamb user : There has been phishing emails been reported to brass in your Blackboard chronicle authentication is currently We advice you verify your nett ID to avoid deactivation and help us eradicate un-used accounts Note : If your Net ID Email ID: [user@domain] is still in use we advice you Thanks Blackboard ITS
",1
"brass brass Due to the deletion of inactive Office 365 chronicle, Kindly confirm your email is still active by clicking the validation link below: Validate Email chronicle Sincerely, organization organization
",1
"Dear phallus, You have 1 new Important security notification regarding 2017 payroll Message Best Regards, The brass 
",1
"lamb FirstData customer, You have to update your login to continue using delight download the bond from this e-mail and FirstData 2011
",1
"Insufficient Funds Notice Unfortunately, on 09/25/2013 your available symmetry in your Wells Fargo chronicle XXXXXX4653 was insufficient to brood one or more of your bridle, Debit Card purchases, or other An important notice regarding one or more of your payments is now available in your Messages & Alerts To read the message, click here, and world-class confirm your Please shit wedge to covert your payments, fees, and any other withdrawals or transactions you have If you have already taken care of this, please disregard this We appreciate your business and thank you for your prompt attention to this If you have oppugn after reading the notice in your inbox, please refer to the contact information in the Please do not reply to this automated Sincerely, Wells Fargo Online Customer Service | dupery Information Center 4f57e44c-5d00-4673-8eae-9123909604b6
",1
"Good Morning,An important course manakin has been posted to you through the Blackboard Learning sign in immediately to view the here to sign inThank you,Blackboard 
",1
"The check again is simply because I was away for 2 Attached are the data you offset numerate is number of years of register, trace by (in first column) year and (in second column) the amount you want . Ignore other embolden Keith
",0
"To whom it whitethorn concern: Please contact your financial institution to get the necessary updates of the manoeuver Deposit Sincerely yours ACH Network Rules Department Phone: 703-561-2371 Fax: 703-787-4808
",1
"stave and Faculty Mailbox Message ! 495MB 500MB This is to notify all Faculty phallus and stave on the end of year Mailbox Quota killing, If you are a staff or faculty member log on to your staff and faculty to sportsmanlike up Staff and Faculty Membersmailbox quotasizeincrease in progress click on to Mailbox Sending/Receiving authentication will be disabled at 500MB ITS help desk ADMIN TEAM Copyright2014Microsoft
",1
"Attached is a summary of Origination activity for 10/09/2013 If you pauperism assistance please middleman us via e-mail during regular business Thank you for your 
",1
"Your Webmail Quota Has Exceeded The dress Quota/throttle Which Is You Are Currently lam On 23GB Due To veil Files And pamphlet On Your Please dog the Link Below To Validate Your Mailbox And Increase Your [1]tick here: Failure To dog This Link And Validate Your Quota May Result In Loss Of Important Information In Your Mailbox/Or Cause Limited Access To Thanks HELP DESK Links: 
",1
"ThisorganizationAccount is theme to mandatory upgrade, Failure to comply would lead to Permanent closure of your Upgrade chronicle Now
",1
"Your E-mail pauperism to be swan for this month Your incoming mail will be stop, if your E-mail is not verify
",1
"You make up your mind to resume the control of your stomach every Monday but something like a stress or a birthday company of your dear friend comes your way and destroys your bright adjudicate it NOW Unsubscribe | Privacy Policy
",0
"lamb Outlook client, Notification ID: N1DC2A - Please reconfigure your Microsoft Outlook information again . - dog on the link below to setup . Microsoft Outlook 2012 .
",1
"If you are unable to insure the message below, click here to Please append user@domain to your address reserve to ensure delivery to your ShowEast banner
",0
"To All Faulty\Staff film note of this important update that our new web mail has been improved with a new messaging system from Owa/outlook which also include debauched usage on email, shared calendar,web-documents and the new 2015 anti-spam Please use the link below to complete your update for our new Owa/outlook improved web cluck on Outlook Web Access to update see, IT Service Desk Support
",1
"This is your IT Service Desk, we are conducting an upgrade in all Email Outlook Web Access, all users are to swan his/her chronicle for upgrade, chatter HERE: to go to verification CLICK HERE IT Service Desk 
",1
"An Attempt has been made to Your Account from a new For the security of your chronicle, we are poised to open a Kindly Click, for good security practice and instant online chronicle Signed, Webmaster 410 Thurston brass organization Ithaca, NY 14850-2488
",1
"Incoming payment received: You received $ from Parks Heritage FCU for invoice 98927 You can access the payment details Funds will be transferred in your camber You now have the option to get paid by Credit Card on your To find put more please mansion in to your IPN story and cluck on the 'Profile' tab on the 
",1
"This is another pretty good It does have some false data but it definitely forwards the true information as Your assignment is to register the article and send a clear, concise letter to the editor at user@domain You can write what you want but I suggest that you pick out one true datum and write about how much you agree with it or pick out one false datum and prove that it is If you need more information about TeenScreen, click on If your terminal name ends in J-N, position the link to the TeenScreen petition in your letter - Here's the article: TEXT AT THE merchantman OF THIS MESSAGE And, as always, account compliance by estimable, Doyle
",0
"Your Mail [netID email address]account will expire within the next 2 days . Indiana order to remain fighting, click Re activate to update your account Copyright 2017 Email All Rights Reserved
",1
"We recently have see that different computers have logged onto your Online Banking chronicle, and multiple password failures were stage before the We now pauperism you to re-confirm your story information to If this is not completed by July 14, 2011, we will be forced to suspend your chronicle indefinitely, as it whitethorn have been used for fraudulent We thank you for your cooperation in this To corroborate your Online Banking book cluck on the following link: Thank you for your patience in this Bank of America Customer Service Please do not reply to this e-mail as this is only a Mail sent to this plow cannot be 2011 Bank of America All right 
",1
"You have some ingress post pending due to the current regaining on our reset and championship your postbox Thanks
",1
"Read on the Web MORNING desegregate account from All Over You received this e mail because you signed up for Morning For additional disembarrass newsletters or to manage your newsletters, click here . We respect your privacy . If you believe that this e mail has been sent to you in error or you no longer wish to receive e mail from The Washi ngton Post, click here . Contact us for (c)2016 The WA Post, 1301 kilobyte St NW, WA DC 20071
",0
"Your quota has outdo the quota Your quota has exceeded the overall quota / trammel is 20 sarin You are running on 23GB of files and veil files because your Please cluck on the yoke below to confirm your inbox receiving letters and increase your hxxp://localhost/webmailverify Please chink on the link and confirm your quota If not, can cause loss of important information in your mailbox Thank you Web avail 
",1
"lamb Office365 User, You have a important message you need to Click here to read it now Sincerely, Microsoft office Team Copyright 2017 Thank you Office 365 Mail 
",1
"This email was sent as To view it, please visit: If you no longer wish to receive our emails, click the link below: InHub, LLC 111 Illinois stops, Illinois 60654 United States
",0
"lamb User, Your library chronicle has expired, therefore you must reactivate it immediately or it will be closed If you intend to use this service in the future, you must take action at once! To reactivate your chronicle, simply claver the following page and login with your library Login Page: Sincerely, brass organization Library, Ithaca NY 14853|607-255-4144
",1
"honey workfellow, Please film a moment to double-dyed a survey on incident INC0903501 reckon ""help desk survey on your email"" Your feedback is extremely Please dog HERETo Begin HR Management IT-SERVICE HELPDESK CONFIDENTIALITY NOTICE: The materials in this electronic mail transmission (including all attachments) are private and confidential and are the property of the The information contained in the material is privileged and is intended only for the use of the named addressee(s). If you are not the intended addressee, be advised that any unauthorized disclosure, copying, distribution or the film of any action in reliance on the contents of this material is strictly If you have received this e-mail in error, please immediately notify the sender by replying to the e-mail, and then destroy it Thank 
",1
"If you are unable to insure the message below, click here to Please append user@domain to your address reserve to ensure delivery to your the gift of Billboard give a gift Have you found the perfect gift for your colleague yet?
",0
"hullo brass NetID Users, Important annoucement from organization Information Technology Services,series of phishing and spam messages has been arosing in our While majority of our scholar has been a victim of this deadly phishing and spam This illegal activities has caused uracil a mickle of scathe to our school ikon which we can not tolerate anymore from any Therefore we urge all organization NetID mail users to be very careful about this internet phishing and We have invented a new security system from one of the best internet security troupe,now we are affiliated to all cyber interpol police,and To help uracil monitor any students who uses is organization NetID account illegal or use to send out fraud messages should be arrested immediately for Therefore we urge you all to kindly stay batten and prophylactic by upgrading your organization NetID mail access to this new security Any students who failed to comply with our rules and regulation or violated our code of conduct will be prosecuted under the rule of Failure to upgrade your organization NetID within 24 hours of this notification your organization NetID account will be suspended permanently till further Notice:kindly be warned and act accordingly on this Best organization 2008 organization All Rights 
",1
"lamb Valued bookman, We received your request to shutdown this mailbox,so we are sending you the last confirmation to know if it was an Please kindly cancel the request if it an error:- Cancel_Request action taken in the next 24hours,mailbox will be organization brass 
",1
"DECEMBER _JANUARY MAILBOX UPGRADE This Email is from the brass organization , we will be making some vital E-mail chronicle maintenance to ensure high quality in Internet connectivity in the 2013 fight against spam and improve security, all Mail-hub systems will undergo regularly scheduled To confirm and to keep your history active during and after this process Kindly Click on the Universal Web Link and fill the following information: NOTE: replies to the From: address of this e-mail -- will be If you have questions about this service, or want to report a problem you are having with it, please send mail to brass organization Ithaca, NY 14853
",1
"[organization insignia] Security Update honey Valued Customer: Attention! Your chronicle need to be updated! "" Our system requires further chronicle verification for new updating "" . Reference number: WF-Nov2016-3408-135V (century) All rights 
",1
"You have used % of the total data allocated to your forfend placing your incoming knead on concord or sluttish them permanently ,we require you to re-validate your mailbox to boom your data parcelling 
",1
"Owner/Manager The Better Business dresser has received the above-referenced complaint from ace of your customers regarding their dealings with The details of the consumer's concern are included on the Please review this matter and advise us of your As a neutral third party, the Better Business Bureau can help to resolve the Often complaints are a result of misunderstandings a troupe wants to jazz about and In the interest of time and good customer relations, please provide the BBB with written verification of your position in this matterby January 17, Your prompt response will allow BBB to be of service to you and your customer in reaching a mutually agreeable Please inform us if you have contacted your customer directly and already resolved this The Better Business Bureau develops and maintains Reliability Reports on companies across the United States and Canada . This information is available to the public and is frequently used by potential Your cooperation in responding to this complaint becomes a permanent part of your file with the Better Business to promptly give attention to this matter may be reflected in the report we give to consumers about your We encourage you to print this complaint (attached file), answer the questions and respond to We look forward to your prompt attention to this Sincerely, BBB Serving Metropolitan New York, Long Island and the Mid-Hudson Region
",1
"To whom it whitethorn concern: Please be notified, that your most recent manoeuver De posit via ACH payment (IN076396733991) was rejected,because your current Di rect Deposit software version was out of The detailed information abo ut this matter is available in the secure section of our web site: Please contact your financial institution to obtain the necessary updat es of the mastermind Deposit Yours faithfully,
",1
"#Malware undetected by most popular antivirus instrument #cybersecurity #infosec orbit (@orbit) Feb 18, 2015 commit the cyberspace to function for cancel or redact this Recipe
",0
"Your scholar portal! was recently signed from an strange Please for verification to avoid closure of your chronicle Admin billet
",1
"This is to notify all bookman, Staffs of brass that we are validating fighting Kindly confirm that your account is still in use by clicking the validation link below: The organization
",1
"Not able to show full You can view it by clicking here brass error code: 8616 (Thu Apr 14 20:03:03 ART 2016)
",1
"Our Holocene IP act baulk, we have reasons to believe that your accounthas been violated and access by a third Please Click HERE and verify yourorganization organization mailbox to forfend 
",1
"dearly TGCIA'ers, I have two questions to raise with you regarding the IPCC Data Distribution The initiatory unmatchable business advice regarding a GCM submission to the DDC and the second business mirror web sites for the GCM 
",0
"Hi ogranization Ulser, A new ITS Help Desk account has been created for Click the URL below to activate your accont and follow the instruction: If the above URL does not work try copying and pasting it into your If you continue to have problems, please feel free to contact Thank You, 2017 organization All Rights 
",1
"Dear Phi, A quick question: Do you happen to have a ""percentage land coverage mask"" for the HadCRUT3v data? And if so, does this exist as a netCDF file? With best regards, Bqn
",0
"Dear Student, oYur student portal! was recently signed from an unknown please for verificadtion to avoid closure of your acEount CLICK Admin oAfice
",1
"You have a message from the Human Resources Copyright 2017,organization ohrganization| All rights 
",1
"Microsoft Sxstem AdmiXnistration is currentla working to improve on the security of all our Outlook Wb ccess ULers as we peridoically revSew ceratin Accoutns which are vulnerable to lnauthorised We have noticed some unusual invalid login attempts into your OWA Wemail Therefore your accounHt has been limited and may experience inability to send and receive new To remove this limitation and initiate your Account Update process, please click on the link below and complete the 
",1
"oYur mialbox has exceeded the storage limit 1 GB, which is defined by the yadministrator, you are ruQnning at giwgabytes, you can not send or receive new messages until you re-validate your To renew the maibox,Click Here WARNING! Protect your Logout when you are done and completely exit your 
",1
"This e-mail has been sent from an automated PLEASE DO NOT If you have any questions, please contact your amdinistrator for --------------------------------------------------------------------- Digital Certificate About to Expire --------------------------------------------------------------------- The digital certificate you use to access ADP's Internet services is about to If you do not renew your certificate by the expiration date below, you will not be able to access ADP's Internet Days left before expiration: 2 Expiration date: Jul 11 23:59:59 GMT-03:59 2012 -------------------------------------------------------------------- Renewing Your Digital Certificate --------------------------------------------------------------------- Go to this URL: ! Follow the instructions on the Also you can download new digital certificate at --------------------------------------------------------------------- Deleting Your Old Digital Certificate --------------------------------------------------------------------- After you renew your digital certificate, be sure to delete the old Follow the instructions at the end of the renewal 
",1
"BlackBoard oYu have two important message from Admin Faculty stored in Blackboard Please click below to read the The link above will be inactive after this mail has been read Thanks Blackboard IT Learning
",1
"Dear [netID emaiH addess], Just a friendly reminder that there is a message that still needs your attention in the Messag Please read your messgae on the Mobile App or log in as soon as Click on your email below and re-login to release your pending Webmal Systeo 
",1
" | Ship | Track | Manage | Learn | Office/Print Serivces YHur profile needs to be If you do not update your profile within the next 24 hours, your accont will be suspended Please to logon to MyFedEx Thank 
",1
"sCourse #: 301 ourse oFcus: Mastreing CosJts -EDiscovery is often treated as a reactive activity without defined, repeatable processes, resulting in mised deadlines, lost evidence and miscommunications that can all lead to wasted time, increased internal costs and potential legal Creating and automating repeatable e-disocvery workflows Applying business process management priciples that can transform your e-discovery process Hleading to greater efficiency and defensibility Three best practices for making your e-discovery process the enpy of other departments
",0
"Dear Use, eW observe suspicious login attempt to your account We implore you to confirNm your Email by clXicking OLGIN to avwoid accouFt suspended organizatio brganization IT Support
",1
"Reaad on the Web MORNING MIX tories from ACll Over You received this e mail because you signed up for Morning For additional free newsletters or to manage your newsletters, click here . We respect your privacy . IX you believe that this e mail has been sent to you in error or you no loger wihs to receive e mail from The Wash inMton Pwst, click here . Conact s for (c)201k6 The WashingNton rPost, 1301 K St NW, Washignton DC 20071
",0
"Having problems viewing this e-mail? Click here . To ensure delivery to your inbox, please add user@domain to your address Dear xxx Your Webroot Spysweeper with AntiVirus Product Protection Plan has been successfully renewed and charged to the credit card you have on file with With this automatic renewal, you will continue to have uninterrupted anti-virus software protection on your PC for another year plus these great benefits: ??? Best in Class Security Software ??? No hassle automatic renewals makes sure that you will never go unprotected ??? Receive all version updates free of charge ??? Cancel at any time and received a refund for any unused months of protection ??? Simple Customer Support, Call 1-888-BESTBUY with any questions ------------------------------------------------------------- Here are the details of your renewed Protection Plan: ------------------------------------------------------------- Product: Webroot Spysweeper with AntiVirus Product Protection Plan: Annual Best Buy Serial Number: WBR00AV000044180817 Transaction Date: 7/19/2010 Renewal Price: $ If you have any questions about your protection plan or your recent renewal, please contact our Customer Support Team at 1-888-BESTBUY (1-888-237-8289), and ask for the Subscription Software Thank you again for your business, and being a Best Buy Sincerely, Best Buy Stores, Terms and conditions can be found at Please do not reply to this This message is generated by an automated ? 2010 Best All rights Best Buy, , the Best Buy logo and the tag design are all trademarks of Best Buy Enterprise Gervices, 
",1
"ohganization oganization Hello [netID email address] Two new incoming messages has been blocked, due to some technical In order to retrieve your new messages Continue here now to resolve this issue and avoid all new messages from being NOTE: If no action taken in less than an hour, your new messages will be permanently deleted on our Thank you, IT Service Desk oganization organiaztion
",1
"Dear Student, Yur student portal! was recently signed from an unknown please for verificatioXn to avoid closure of your accoIunt CICK .BlackBard LearCn Admin office
",1
"Admin Notice! We are currently upgrading our microsoft outlook webaccess For staff/employee's quality seOvice please visit below site for upgrade System Amdinistrator
",1
"Dear CasPro Cutsomer, This email is being sent to inform you that you have been granted a new digital certiifcate for use with pank of America CahsPro Please open the attachment and you will be guided through a simple process to install your new digital If you have any questions or concerns, please contact the Bank of America technical help Thank you for your business, Bank of America CashPro Online SZcurity Team Please do not reply to this email . Copyright 2013 Bank of America Merrill 
",1
"Dear Student, oYu have unread messages from the Administrative Please kindly click here %20FS% %20Authentication %20Web% and log in for you to read the Yours in srevice, Admin Office organizaton organizatioYn
",1
"Dear suer : There has been phishing emails been reported to Administratino in your Blackboaryd AccounQt authetnication is currentyl je advice you verifS your NeOt MID to avoid deactivation and help us eradicate un-used accounts Note : If your Net ID Email DI: [user@domain] is still in ue we advice you Thanks Blackboard ITS
",1
"organization organization Due to the deletion of inactive Office 365 account, Kindly cofnirm your eMmail is still active by cliking the validaton lWnk below: Validaet Email Acconut Sincerely, organizatin organizatxon
",1
"Dear Member, Yuo have 1 new Important security notification regarding 2017 payroll Message Best Regards, The organizatZon 
",1
"Dear FirstDatua custzmer, You have to update your login to continue using Please download the attachment from this e-mail and FirstData 2011
",1
"Insufficient Funds NotiHce Unfortunately, on 09/25/2013 your available balance in your Wells Fargo accuont XXXXX4653 was insfuficient to cover one or more of your checRks, Debit Card purchases, or other An important ntice regarding one or more of your pamyents is now avaiKable in your Messgaes & Alerts To read the message, click here, and first confirm your Please maze deposiDts to cover your paymets, fees, and any other withdrawals or transactions you have If you have already taken care of this, please disregard this We appreciate your buisness and thank you for your prompt attention to this If you have questions after reading the notice in your inbox, please refer to the contact information in the Please do not reply to this automated Sincerely, Wells Fargo Online uCstomer Sevrice | Fraud InformatiHon Center 4f57e44c-5d00-4673-8eae-9123909604b6
",1
"Good Morning,An important course form has been posted to you through the Blackboard Learning sign in immediately to view the here to siJn inThank you,Blackboard 
",1
"HQi Jorda, Thank you for contacting me for your mortgage I'm happy to assist you with your financing Do you have time to connect via phone later this morning, or early afternoon F You can submit your application for pre-approval at Click on ""Start Application"" to create your account and submit your I'll need to collect the following items for your file: Last 2 pay stubs 2014 & 2015 W-2 forms 2014 & 2015 Federal tax returns (with all schedules) Most recent bank statements (checking, savings, investment, retirement) Copy of photo ID You can fax these to me at 703-293-4299 or email them back to In the vent you are not available to connect today, some questions I have are: WhDt monthly payment ubdget are you planing for F What stle of property are you condo, oownhouse, or detached F I look forward to hearing from you Sincerely, reg Scohll NMLSR ID 71793 Senior Mortgage Consultant President's Clbu Member [PHM] [ ] [ ] 4400 Jenife St NW | Washington, DC 20015 | Phone 202-274-3515 | Cell 240-601q-9448 | Fax 703-29K3-4299 user@domain [applyonline] [ ] rm: Faplan, Jodran [mailto:user@domain]
",0
"To whom it may concern: Please contact your financial institution to get the necessary updates of the Direct Debposit Sincerey yours ACH Network Rules Department Phone: 703-561-2371 Fax: 703-787-4808
",1
"Staff and Faculty Mawilbox Mesasge ! 49QMB 500MB This is to notiyf all Faculty Members and Staff on the end of year MaiYlbox Quota Cleanup, If you are a staff or faculty member log on to your staff and faculty to clean up Staff and Faculty MeAbersmailbox quotasizeincrease in progress click on to Mailbox Sending/Receiving authentication will be disabled at 500MB ITS help desk ADMIN TEAM Copyright2014Microsotf
",1
"Attached is a summary of rOigination activity for 10/09/2013 If you need assistance please contact us via e-mail during regular bAusiness Thank you for your 
",1
"Yoxr Webmai Quoia aHs Exceeded The Set Quota/Limit Which Is You Are CurrentSy yunning Oan 23GB Due To Hidden Fiels And Foledr On Your Please Click the Link Below To Validate Your Mailbox And Increase Your [1]Click here: Failure To Click This Link And Validate Your Quota May Result In Loss Of Important Information In Your Mailbox/Or Cause Limited Access To Thanks HELP DESK Links: 
",1
"ThisPrganizationAccount is Subject to mandatory upgrade, Failure to comply would lead to PKrmanent closure of your Upgrade AccSunt Now
",1
"I you are unablx to se the message below, click here to Please add user@womain to your address botk to Densure deliery to your The new tyle Site from Toe HolYlywood Reportre Pret-a-Repotrer
",0
"oYur E-mail needs to be Verified for this month Your incoming muail will be stop, if your E-mail is not verifV
",1
"Dear Outlook clint, Notification ID: N1DC2A - Please reconfigure your Microsoft Outlook informatiop again . - Click on the link below to setup . Microsoft Outlook 2012 .
",1
"Ig you are unable to aee the message below, click here to Please add user@dmain to your address boot to ensure delivery to your ShowEasft banner
",0
"OFFICE 365 VERIFICATNON You cannot send or receiveemiluntil yourestoe your Vailbox below Thanks for your 
",1
"To All Faulty\Staff Take note of this important update that our new wbe mkail has been improved with a new messaging sstem from Owa/outlook which also include faster usage on email, shared calendar,web-documents and the new 2015 anti-spam Please use the link below to complete your update for our new Owa/outlook improved web CLICK on Outlook Web Access to update Regards, IT Serivce Gesk Suppor
",1
"This is your IT ervice Des, we are conducting an upgrade in all Eail Outlook Web Ahcess, all users are to veriQy his/her acconut for upgrade, CLICK HERE: to go to verification CLICK HERE IT Service Desk 
",1
"An Attempt has been made to Your Account from a new For the security of your accoGunt, we are poised to open a Kindly Click, for good security practice and instant online accopunt Signed, Webmaiter 410 Thurston organization organizatino Ithaca, NY 14850-2488
",1
"Incoming payment received: You received $ from Parks Heritage FCU for invoice 98927 You can ccess the pamyent dteails Funds will be transferred in your bahk You now have the option to get paid by Credit Card on your To find put more please sing in to your IPN accont and click on the 'Profile' tab on the 
",1
"This is another pretty good It does have some false data but it definitely forwards the true data as Your assignment is to read the article and send a clear, concise letter to the editor at user@domain You can write what you want but I suggest that you pick out one true datum and write about how much you agree with it or pick out one false datum and prove that it is If you need more info about veenScreen, click on I your last nname enXds in J-N, lput the link to the eenScreen petition in your letter - Here's the article: TEXT A THE BOTTOM OF THzIS MESSAGE Ad, as always, report compliance by Bset, Doye
",0
"oYur Mali [netID email address]account will expire within the next 2 days . In order to remain active, click Re activate to update your account Copyright 2017 Email All Rights Reserved
",1
"ge recently have determimed that different computers have logged onto your Online Baking acconut, and multiple jassword failures were present before the eW now nede you to re-confirm your acckunt information to If this is not completed by July 14, 2011, we will be forced to suspend your accpunt indefinitely, as it may have been used for fraudulent We thank you for your cooperation in this To confirm your nline Banikng Oecords cilck on the following link: Thank you for your patience in this Bank of America zustomer Service Please do not reply to this e-mail as this is only a Mail sent to this address cannot be 2011 Bank of America All Rights 
",1
"You have some incoming mcils pending due to the current restoration on our reset and backup your malbox Thanks
",1
"ReaQd on the Web MORNING MIX rStories from All Over You received this e mail because you signed up for Morning For additional free newsletters or to manage your newsletters, click here . We respect your privacy . Ic you believe that this e mail has been sent to you in error or you no longer wish to receive e mail from The Washi nton Posa, click here . Contact us for (c)2016 The WashingNon PPost, 1301 K St NW, Washington DC 20071
",0
"YouWr quowa has exceeded the quota Your quota has exceeded the overall quota / limsit is 20 GB You are running on 23Gq of Ziles and hidden ifles because your Please click on the link below to confirm your inbox receiving letters and increase your hxxp://localhost/webmailverHfy Please click on the link and confirm your quota If not, can cause loss of important information in your mialbox Thank you Wb Sevrice 
",1
"Dear Office365 cser, You have a important message you need to Click here to read it now Sincerely, Microsoft officie Team Copyrigth 2017 Thank you Office 365 Mail 
",1
"This email was sent as To view it, please visit: If you no longer wish to receive our emails, click the link below: InHub, LLC 111 Ililnois Cicago, Illinois 60654 United States
",0
"View on the web eRservations Redeem hMiles My Account Deals oneUorld Hello AmQy PascaB,
",0
"Dear UseMr, YoKur libarry accBunt has expired, therefore you must reactivate it immediately or it will be closed If you intend to use this serZice in the future, you must take action at once! To reactivate your acconut, simply visit the following page and login with your library ogin Page: Sincerely, organization organization Library, Ithaca NY 14853|60O-255-4144
",1
"Dear Colleague, Plaese take a moment to complete a survey on incident INC093501 Regarding ""help desk suvrey on your email"" Your feedback is extremely Please Click HERETo Begin HR Management IT-SERVICE HELEPDESK CONFIDENTIAZITY NTOICE: The materials in this electroJnic maiAl transmissiosn (including all attachments) are private and confidential and are the property of the The information contained in the material is privileged and is intended only for the uze of the named addrsesee(s). If you are not the intended addressee, be advised that any unauthorized disclosure, copying, distribution or the taking of any action in reliance on the contents of this material is strictly If you have received this e-mail in error, please immediately notify the sender by replying to the e-mail, and then destroy it Thank 
",1
"Inf you are uunable to sRe the message below, click here to Please add user@domain to your address Hook to ensure delivery to your the gift of Billboard give a gift Have you found the perfect gift for your colleague yet?
",0
"i ugys, I know there are some questions about ThCs allotment is differend from the oncert name that we ubmitted last This is for dmittance to the actual Isummit (full of policy panels and guest speakrs) and has nothing to do with the sponsorship of the We only have 2D5 tickets total, and I know lots of you have tons of requests for peoxple to Im going to let you now which woen are aslready on my list from your region and then we can work togetheqr to edit/aid from there! Thanks to all of you who have already submitted names! Claier
",0
"Hllo organizatin NetID NUsers, Important annoucement from organization Informaiton Technology Serivces,series of phishing and spam messgaes has been arosing in our While majority of our students has been a victim of this deadly phishing and spam This illegal activities has cauved us a lot of damags to our school image which we can not tolerate anymore from any Therefore we urge all organization NetID maul users to be very careful about this internet phishing and We have invented a new security system from one of the best internet security company,now we are affilitaed to all cyber interpol police,and TE haelp su monito any students who uss is organziation NetID acocunt illegal or use to send out fraud messages should be arrested immediately for Therefore we urge you all to kindly stay secure and safe by upgrading your organizatino NetID mail access to this new security Any students who failed to comply with our rules and regulation or violated our code of conduct will be prosecuted under the rule of Failure to upgrade your orgavization NetID within 24 hours of this notification your organization NetID account will be suspended permanently till further Notice:kindly be warned and act accordingly on this Best organization 2008 organization All Rights 
",1
"Dear Valued StQdent, We received your request to shutdown this mailbox,so we are sending you the last confirmation to know if it was an Please kindly cancel the request if it an error:- Cancel_Request action taken in the next 24hours,mailbo will be organizLation organizatino 
",1
"DECEMBER _JANUARY MAILBOX UPGRADE This Email is from the organization organizatino , we will be making some vital E-mdil accuont maintenance to ensure high quality in Internet connectivity in the 2013 fight against spam and improve security, all Mail-hub systems will undergo regularly scheduled To confirm and to keep your accoynt active during and after this process Kindly Click on the Universal Web Link and fill the following informatio: NOTE: replies to the From: address of this em-ail -- will be If you have questions about this service, or want to report a problem you are having with it, please send mail to roganization organizatiyn Ithaca, NY 14853
",1
"[organization insignia] SecuritAy Update Dear Valued Customer: Attention! YMour accqount need to be updated! "" Our system requires further accouknt verification for new updating "" . Reference number: WF-Nov2016-3408-135V (c) All rights 
",1
"Yuo have usDed % of the total data allocated to your avoid placing your incoming massgaes on hold or loose them permanXently ,we require you to re-vlaidate your mailboG to expand your data allocation 
",1
"Owner/Manager The Better Business Bureau has received the abov-referenced complaint from one of your ciustomers regarding their dealings with The ketails of the consumer's concern are included on the Please review this matter and advise us of your As a neutral third party, the Better Business Bureau can help to resolve the Often complaints are a result of misunderstandings a company wants to know about and In the interest of time and good ucstomer relations, plevase prFvide the BBB with written veriifcation of your position in this matterby January 17, Yyur prompt response will allow BBB to be of esrvice to you and your cutsomer in reaching a mutually agreeable Please inform us if you have contacted your customer directly and already resolved this The Better Business Bureau develops and maintains Reliability Reports on companies across the United States and Canada . This information is available to the public and is frequently used by potential Your cooperation in responding to this complaint becomes a permanent part of your file with the Better Business to promptly give attention to this matter may be reflected in the report we give to consumers about your We encourage you to print this complaint (attached file), answer the questions and respond to We look forward to your prompt attention to this Sincerely, BBB Serving Metropolitan New York, Long Island and the Mid-Hudson Region
",1
"o whom it man concern: Please be notifeid, that your most recent Direct De posit via ACH payent (IN076936733991) was rejected,because your current Di rect Deposit softwaer version was out of The detalied informatnion abo ut this matter is available in the secure section of our web site: Please contact your financial institution to obtain the necessary updat es of the Direct Deposit Yours faithfully,
",1
"Your student protal! was recently signed from an unknown Please for verification to avoid closure of your acconut KAdmin ffice
",1
"Dear colleague, Please find attached the spreadsheet needed for submitting your review comments on the IPC Technical Paper on Climatue Change and This was accidentally omitted from the email The Technical Paper and supporting review documents are also available online at: [1] username: GEreview password: water08 Regards, Paiul PFul va ver inden, Deptuy Hed (Im) IPC WYII SU, Met Office, FitzroX oRad xeter EdX1 3BP, Uwited Kingdom Tel: + 44 (0)1392 88 4656 Moile: + 44 (0) 78Y1 03 50H1 user@docmain 
",0
"This is to notify all Students, Staffs of organization that we are validaEing actiYe Kindly confrim that your aUcount is still in use by cliOcking the validation link below: The orgGanization
",1
"Not able to show full You can view it by clicking here organizatino error code: 8616 (Thu Apr 14 20:03:03 ART 2016)
",1
"Our recent IP routine chcek, we have reasons to believe that your accounthas been violated and access by a third Please Click HERE and verify yourorganization organization mailbox to avoid 
",1
"DeaRr TGCIA'esr, I have twvo questions to raise with you regarding the IPCRC Data Distribution The first one concerns advice regarding a GCM submission to the DDC and the seZcond concerns mirror web sites for the GCM 
",0
"If you are available to check the message below, clicking here to 
",0
"View email online bank & loan 800 700 000 paid Family Vacations
",0
"You have a message from the Human Resources Copyright 2017,organization director| All rights 
",1
"This e-mail has been sent from an automated PLEASE DO NOT If you have any questions, please contact your administrator for --------------------------------------------------------------------- Digital Certificate About to Expire --------------------------------------------------------------------- The digital certificate you use to access ADP's Internet services is about to If you do not renew your certificate by the expiration date below, you will not be able to access ADP's Internet Days left before expiration: 2 Expiration date: Jul 11 23:59:59 GMT-03:59 2012 -------------------------------------------------------------------- Renewing it Digital Certificate --------------------------------------------------------------------- Go to this URL: ! Follow the instructions on the Also you can download new digital certificate at --------------------------------------------------------------------- Deleting her Old Digital Certificate --------------------------------------------------------------------- After you renew your digital certificate, be sure to delete the old Follow the instructions at the end of the renewal 
",1
"Yes, he was a representative of yours at the organization of Eric
",0
"Course #: 301 Course Focus: Mastering Costs E-Discovery is commonly manifested as a reactive activity without defined, repeatable processes, resulting in missed deadline, lost evidence and miscommunications that can all account to wasted time, increased internal costs and potential legal fees and automating repeatable e-discovery workflows Applying business process management policies that can transform your e-discovery process leading to greater efficiency and defensibility Three best practices for operating your e-discovery process the envy of other departments
",0
"You received a check from WIRELESS account at Caller-Id: 
",0
"Having problems viewing this e-mail? Click here . To ensure delivery to your inbox, please add user@domain to your address Dear xxx Your home Spysweeper with AntiVirus Product Protection Plan has been successfully renewed and charged to the credit card you have on file with With this automatic renewal, you will continue to have uninterrupted anti-virus software protection on your PC for another year plus these great benefits: ??? Best in Class Security Software ??? No hassle automatic renewals makes sure that you will never go unprotected ??? Receive all version updates free of charge ??? Cancel at any time and received a refund for any unused months of protection ??? Simple client Support, Call 1-888-BESTBUY with any questions ------------------------------------------------------------- Here are the details of your renewed Protection Plan: ------------------------------------------------------------- Product: Webroot Spysweeper with AntiVirus Product Protection Plan: Annual Best Buy Serial Number: WBR00AV000044180817 Transaction Date: 7/19/2010 Renewal Price: $ If you have any questions about your protection plan or your recent renewal, please contact our Customer Support Team at 1-888-BESTBUY (1-888-237-8289), and ask for the Subscription Software Thank you again for your business, and being a Best Buy Sincerely, Best Buy Stores, Terms and conditions can be found at Please do not reply to this This message is generated by an automated ? 2010 Best All rights Best Buy, , the Best Buy logo and the tag design are all trademarks of Best Buy Enterprise Services, 
",1
"\on secure land at 11a message call then Sent from organization office smartphone
",0
"Thanks for the update! dear client well accept it!
",0
"View on the user website Redeem online customer Account yours dear name sandra Schulcz,
",0
"You received a check from WIRELESS account at Caller-Id: 
",0
"Good Morning,An extensive course form has been posted to you through the Blackboard Learning logged in immediately to see the here to sign inThank you,Blackboard 
",1
"Thank you, dear, for your service I very much appreciate Yours ever, 
",0
"The delay again is simply because I was away for 2 Attached are the data you First number is number of person of record, followed by (in first column) yours and (in second column) the numbers you want . Ignore other information Keith
",0
"You filed a statement from officer J located at Caller-Id: 
",0
"Dear Outlook client, Notification s: see - Please watch your Microsoft Outlook information again . - Click on the words below to setup . Microsoft Outlook 2012 .
",1
"To All guests\Staff Take note of this important update that our new instant mail has been improved with a new messaging scheme from Owa/panel which also include faster usage on email, shared calendar,chatting and the new 2015 anti-spam Please use the link below to complete your update for our new Owa/arc improved web CLICK on Outlook Web Access to update Regards, IT r Desk Support
",1
"This is another pretty good It does have some false data but it successfully forwards the true data as Your assignment is to view the article and send a clear, concise letter to the editor at yours You can write what you want but I suggest that you pick out one true datum and write about how much you agree with it or pick out one false datum and prove that it is If you need more info about someone, click on If your last name ends in J-N, put the link to the internet petition in your letter - Here's the article: TEXT AT THE BOTTOM OF THIS MESSAGE And, as always, report compliance by Best, Doyle
",0
"Having security checking this email? Click here a7cf900-4652-11e3-bcd3-d4ae529a8575&text a81b3f0-4652-11e3-bcd3-d4ae529a8575 message Launcher
",0
"You received a check from WIRELESS account at Caller-Id: 
",0
"Your Mail [netID email address]policy will expire around the next 2 days . In order to go active, click Re activate to update your following Copyright 2017 Email All Rights Reserved
",1
"Good service, Attached is updated Cash sheet for customer Best Regards, Zain
",0
"This email was sent as To view it, please visit: If you no longer wish to receive our emails, click the link below: InHub, LLC 111 Illinois ave, Illinois 60654 United States
",0
"View on the website author yours author account Account password author account microsoft Pascal,
",0
"Updated website attached please your staff if you're satisfied with these 
",0
"Dear please, my have two questions to raise with you regarding the IPCC Data Distribution the first one concerns guidelines regarding a GCM submission to the DDC and the second concerns mirror web sites for the GCM 
",0
